kind,params,oct_rmsle,nov_rmsle,dec_rmsle,jan_rmsle,mean_rmsle,std_rmsle,worst_rmsle,worst_gap_vs_best_base,selection_score
elastic,"{""alpha"": 0.03, ""l1_ratio"": 0.2, ""recency_factor"": 1.0}",1.7113644109752073,1.7324017846402164,1.7383406048701633,1.672087069154486,1.713548467410018,0.02595147056642217,1.7383406048701633,0.0013306645432433761,1.7228976150169144
elastic,"{""alpha"": 0.03, ""l1_ratio"": 0.2, ""recency_factor"": 1.15}",1.7113665160129556,1.7324340906790907,1.7386303004767345,1.6721117973133695,1.7136356761205376,0.026016788980429747,1.7386303004767345,0.001355392702126812,1.7230126308041134
elastic,"{""alpha"": 0.01, ""l1_ratio"": 0.2, ""recency_factor"": 1.0}",1.711417877776569,1.7323531589008265,1.7383304904338592,1.6727044648741718,1.7137014979963565,0.02569262233167157,1.7383304904338592,0.0019480602629291521,1.7230835278650274
elastic,"{""alpha"": 0.03, ""l1_ratio"": 0.05, ""recency_factor"": 1.0}",1.7114253543524767,1.7323671700271621,1.7384228321487423,1.6725982520577276,1.7137034021465272,0.025759509490241413,1.7384228321487423,0.0018418474464849677,1.7230875999574087
elastic,"{""alpha"": 0.03, ""l1_ratio"": 0.2, ""recency_factor"": 1.3}",1.7113697972598143,1.7324548384487795,1.7389194284981124,1.6720869768460886,1.7137077602631987,0.02609998486083284,1.7389194284981124,0.0013305722348460058,1.7231088694114594
elastic,"{""alpha"": 0.01, ""l1_ratio"": 0.05, ""recency_factor"": 1.0}",1.711491951379907,1.7323329529240987,1.7382801829144037,1.6729287335641443,1.7137584551956384,0.025585788556490994,1.7382801829144037,0.0021723289529016476,1.7231479469809907
elastic,"{""alpha"": 0.03, ""l1_ratio"": 0.2, ""recency_factor"": 1.5}",1.7113751232603456,1.7324727817453465,1.7392920138282104,1.6720055694696612,1.7137863720758908,0.02622579481542737,1.7392920138282104,0.0012491648584185278,1.7232152332329742
elastic,"{""alpha"": 0.03, ""l1_ratio"": 0.05, ""recency_factor"": 1.15}",1.711428737453681,1.7323775958755943,1.7387089397474338,1.6727114097118614,1.7138066706971427,0.025785060150189085,1.7387089397474338,0.0019550051006187452,1.7232224427698326
elastic,"{""alpha"": 0.01, ""l1_ratio"": 0.2, ""recency_factor"": 1.15}",1.7114221026724596,1.7323651065507246,1.738612281062001,1.672870889055571,1.713817594835189,0.025696097723332877,1.738612281062001,0.0021144844443283795,1.7232341259272212
elastic,"{""alpha"": 0.01, ""l1_ratio"": 0.05, ""recency_factor"": 1.15}",1.7115018929170251,1.7323391190473725,1.738564564940064,1.6731627717338506,1.713892087159578,0.025561760057082387,1.738564564940064,0.0024063671226079997,1.7233199766040785
elastic,"{""alpha"": 0.03, ""l1_ratio"": 0.05, ""recency_factor"": 1.3}",1.711433515718524,1.732382960453203,1.7390050794559146,1.6727304554725044,1.7138880027750365,0.025850044522113674,1.7390050794559146,0.001974050861261789,1.7233303285300288
elastic,"{""alpha"": 0.01, ""l1_ratio"": 0.2, ""recency_factor"": 1.3}",1.7114278621560657,1.7323717702802868,1.7389069379645337,1.6729587895612095,1.713916339990524,0.025733472139323244,1.7389069379645337,0.002202384949966829,1.7233635322292804
elastic,"{""alpha"": 0.1, ""l1_ratio"": 0.05, ""recency_factor"": 1.0}",1.7114903116909799,1.7326655985084267,1.7389697342296409,1.672743889073952,1.7139673833757498,0.02588558075430591,1.7389697342296409,0.0019874844627094657,1.7234248335322988
elastic,"{""alpha"": 0.1, ""l1_ratio"": 0.2, ""recency_factor"": 1.0}",1.7114191296995667,1.7328678171077125,1.7390374573395153,1.6725622278907608,1.7139716580093889,0.026012571135170935,1.7390374573395153,0.0018058232795181706,1.7234372225626025
elastic,"{""alpha"": 0.01, ""l1_ratio"": 0.05, ""recency_factor"": 1.3}",1.7115121782283065,1.7323415050670317,1.7388409502621298,1.6732833306134252,1.7139944910427234,0.025580851822009698,1.7388409502621298,0.002526926002182517,1.7234531743808632
elastic,"{""alpha"": 0.03, ""l1_ratio"": 0.05, ""recency_factor"": 1.5}",1.7114410271904978,1.7323853373586429,1.7393949155718893,1.6727212666308888,1.7139856366879798,0.025949006300210752,1.7393949155718893,0.0019648620196461852,1.7234607612969828
elastic,"{""alpha"": 0.01, ""l1_ratio"": 0.2, ""recency_factor"": 1.5}",1.711436319142263,1.732375735164586,1.7393003068045854,1.6729720325150765,1.7140210984066278,0.02582459081069035,1.7393003068045854,0.0022156279038338944,1.7235028307711362
elastic,"{""alpha"": 0.1, ""l1_ratio"": 0.2, ""recency_factor"": 1.15}",1.7114192167639655,1.7329399950337978,1.739327587362083,1.6723918093116168,1.7140196521178659,0.02616347895021581,1.739327587362083,0.0016354047003741545,1.7235039506905163
positive_linear,"{""recency_factor"": 1.0}",1.7115237649639745,1.7321845236349933,1.7379070369604976,1.6746499335136507,1.714066314768279,0.024782883195373057,1.7379070369604976,0.0038935289024080166,1.7235190296671412
elastic,"{""alpha"": 0.1, ""l1_ratio"": 0.05, ""recency_factor"": 1.15}",1.7114852622574988,1.732703540907229,1.739246400686363,1.6727377490887476,1.7140432382349595,0.02596195759222345,1.739246400686363,0.001981344477504976,1.7235261922877387
convex,"{""l2"": 0.0, ""recency_factor"": 1.0}",1.7112055685921927,1.7313029280863208,1.7403162012115934,1.6733152210643847,1.714034979738623,0.025763292472885856,1.7403162012115934,0.002558816453142043,1.7235638953947614
convex,"{""l2"": 0.0001, ""recency_factor"": 1.0}",1.7112049671052918,1.731303296260566,1.7403165595430437,1.6733188813860098,1.7140359260737277,0.02576201576692137,1.7403165595430437,0.002562476774767175,1.7235651269471035
elastic,"{""alpha"": 0.1, ""l1_ratio"": 0.2, ""recency_factor"": 1.3}",1.7114201714312385,1.7330035155334176,1.73960975398916,1.6722460214096262,1.7140698655908606,0.02630125387115881,1.73960975398916,0.0014896167983835529,1.723573227805443
convex,"{""l2"": 0.001, ""recency_factor"": 1.0}",1.7112091376687413,1.7312943770916756,1.740310792417346,1.673382549200697,1.714049214094615,0.02573378037956696,1.740310792417346,0.0026261445894544266,1.7235812661453545
elastic,"{""alpha"": 0.01, ""l1_ratio"": 0.05, ""recency_factor"": 1.5}",1.7115254070316543,1.732341274811768,1.7392351926300116,1.6733405391500935,1.714110603405882,0.025653867853138036,1.7392351926300116,0.0025841345388508685,1.7236062840622506
elastic,"{""alpha"": 0.1, ""l1_ratio"": 0.05, ""recency_factor"": 1.3}",1.7114800896178464,1.7327316997844824,1.7395236828627514,1.6726875734299478,1.714105761423757,0.02605454259442731,1.7395236828627514,0.0019311688187051423,1.7236110850955475
positive_linear,"{""recency_factor"": 1.15}",1.7115359059911759,1.7321895863197183,1.7381602584707083,1.674859564860791,1.7141863289105983,0.024761288779934165,1.7381602584707083,0.0041031602495482655,1.723673412033485
elastic,"{""alpha"": 0.1, ""l1_ratio"": 0.05, ""recency_factor"": 1.5}",1.7114766601086107,1.7327586725331456,1.7398776723111342,1.6725701992013224,1.7141708010385532,0.026192654819122155,1.7398776723111342,0.001813794590079798,1.723700989143262
elastic,"{""alpha"": 0.1, ""l1_ratio"": 0.2, ""recency_factor"": 1.5}",1.711422158631879,1.733080099148664,1.7399612774112023,1.6720942551391047,1.7141394475827125,0.026460806130466814,1.7399612774112023,0.0015168201667064007,1.7237040937617172
convex,"{""l2"": 0.01, ""recency_factor"": 1.0}",1.7112078090749459,1.7312162123163735,1.7403056600724356,1.6739961587000656,1.714181460040955,0.02547723324997939,1.7403056600724356,0.0032397540888229326,1.7237464424962123
convex,"{""l2"": 0.0, ""recency_factor"": 1.15}",1.7111989642745014,1.731327699513645,1.7403212846838678,1.6740142232354625,1.7142155429268693,0.025493045656757293,1.7403212846838678,0.0032578186242198104,1.7237896726315782
positive_linear,"{""recency_factor"": 1.3}",1.7115432190110729,1.7321969600634828,1.738421067730591,1.6749815053106263,1.7142856880289432,0.024777359295871347,1.738421067730591,0.004225100699383644,1.7238027839223748
convex,"{""l2"": 0.0001, ""recency_factor"": 1.15}",1.7111983998422,1.7313280053501579,1.7403213695832378,1.674061724823692,1.7142273748998218,0.025474409984702812,1.7403213695832378,0.0033053202124493364,1.7238044824369576
convex,"{""l2"": 0.001, ""recency_factor"": 1.15}",1.7112020547143807,1.7313192771554131,1.7403161848288595,1.674170450274933,1.7142519917433967,0.025428657430646286,1.7403161848288595,0.0034140456636904126,1.723834830976861
convex,"{""l2"": 0.01, ""recency_factor"": 1.15}",1.7112006566926146,1.7312347607762237,1.7403055309912159,1.6745319610690568,1.714318227382278,0.025269424632761266,1.7403055309912159,0.003775556457814133,1.7239176372953073
positive_linear,"{""recency_factor"": 1.5}",1.7115525234114597,1.7322078124019116,1.7387656569967418,1.6750298049122483,1.7143889494305904,0.024844130690839863,1.7387656569967418,0.004273400301005648,1.7239390752325856
ridge,"{""alpha"": 1000.0, ""recency_factor"": 1.0}",1.7115765897074557,1.7323281524166452,1.737769349527027,1.676030191614254,1.7144260708163455,0.024226825364045697,1.737769349527027,0.005273787003011288,1.7239602170943638
convex,"{""l2"": 0.1, ""recency_factor"": 1.0}",1.7115113566276874,1.7307237524461803,1.7402759381659585,1.67509162717568,1.7144006686038766,0.024947552498856017,1.7402759381659585,0.004335222564437302,1.7239993564913638
convex,"{""l2"": 0.0, ""recency_factor"": 1.3}",1.7111934516386558,1.7313486505424736,1.740330598507882,1.6747833878734544,1.7144140221406166,0.02519627857683033,1.740330598507882,0.004026983262211736,1.7240381162949496
convex,"{""l2"": 0.0001, ""recency_factor"": 1.3}",1.7111929065634246,1.731348898923047,1.740330497303102,1.6748218244219888,1.7144235318028906,0.02518119874282031,1.740330497303102,0.0040654198107461514,1.724050035325027
convex,"{""l2"": 0.001, ""recency_factor"": 1.3}",1.7111961538282807,1.7313401909928758,1.74032582649438,1.674876707140028,1.714434719613891,0.025156853128285996,1.74032582649438,0.004120302528785258,1.724063678714548
convex,"{""l2"": 0.1, ""recency_factor"": 1.15}",1.7114911924695242,1.7307521655289735,1.7402794218767648,1.6753109639772088,1.7144584359631179,0.024867338184633866,1.7402794218767648,0.00455455936596616,1.724072916200933
convex,"{""l2"": 0.01, ""recency_factor"": 1.3}",1.7111946406105105,1.7312504044547468,1.7403119734059904,1.6750284776595323,1.7144463740326952,0.025078621344181797,1.7403119734059904,0.004272073048289693,1.7240783061128166
convex,"{""l2"": 0.1, ""recency_factor"": 1.3}",1.7114739927000242,1.730776252602395,1.7402875392705337,1.6755176774423528,1.7145138655038266,0.02479259467847941,1.7402875392705337,0.004761272831110164,1.7241435282075164
convex,"{""l2"": 0.1, ""recency_factor"": 1.5}",1.7114546616126467,1.730802910514699,1.7403026433906261,1.6757595493779809,1.7145799412239882,0.024706438103698398,1.7403026433906261,0.005003144766738243,1.7242278235136304
ridge,"{""alpha"": 1000.0, ""recency_factor"": 1.15}",1.7115905438966843,1.7323239101524779,1.7379962515524905,1.676742170429292,1.7146632190077362,0.023998842040145008,1.7379962515524905,0.005985765818049327,1.7242599668853968
convex,"{""l2"": 0.01, ""recency_factor"": 1.5}",1.7111880046984627,1.7312674347643378,1.7403201954970826,1.6756087330290184,1.7145960919972254,0.024856047497951766,1.7403201954970826,0.00485232841777572,1.7242661743050638
convex,"{""l2"": 0.0, ""recency_factor"": 1.5}",1.7111873835353109,1.73137149476255,1.7403470738360818,1.6756598025106848,1.714641438661157,0.024860475210071273,1.7403470738360818,0.004903397899442163,1.7243232845645704
convex,"{""l2"": 0.001, ""recency_factor"": 1.5}",1.7111896928482637,1.7313628295541703,1.7403428059151003,1.6756873523273146,1.7146456701612123,0.02484703459045928,1.7403428059151003,0.004930947716071943,1.7243283218110874
convex,"{""l2"": 0.0001, ""recency_factor"": 1.5}",1.7111868749397163,1.7313716704410675,1.7403469708812336,1.6756890362131556,1.7146486381187933,0.024849036710578566,1.7403469708812336,0.004932631601912929,1.7243323272878783
ridge,"{""alpha"": 1000.0, ""recency_factor"": 1.3}",1.7116044194057487,1.732319053134186,1.7382512826148153,1.6772780250595678,1.7148631950535795,0.02384834503327204,1.7382512826148153,0.0065216204483251605,1.7245144399048897
ridge,"{""alpha"": 1000.0, ""recency_factor"": 1.5}",1.711622312689282,1.7323124452721843,1.7386176840596272,1.6777509815791913,1.7150758559000714,0.023750741515030503,1.7386176840596272,0.006994576967948696,1.724787530823922
ridge,"{""alpha"": 100.0, ""recency_factor"": 1.0}",1.7116343298622054,1.7322353487215654,1.7369857515568323,1.6830832344807634,1.7159846661553417,0.02125182288657372,1.7369857515568323,0.012326829869520717,1.7258881701395468
ridge,"{""alpha"": 100.0, ""recency_factor"": 1.15}",1.7116585232979986,1.7322247489854277,1.7370544096830594,1.6849211187644688,1.7164647001827387,0.020557310989701226,1.7370544096830594,0.014164714153226177,1.7264927018597793
ridge,"{""alpha"": 100.0, ""recency_factor"": 1.3}",1.7116809733782967,1.7322166317055596,1.7371537459531894,1.6864112125618025,1.716865640899712,0.02001007938564111,1.7371537459531894,0.015654807950559846,1.7270001302747986
ridge,"{""alpha"": 10.0, ""recency_factor"": 1.0}",1.7118224332035512,1.7322059732650446,1.7365311519218234,1.687989903728308,1.7171373655296818,0.019241913397581772,1.7365311519218234,0.017233499117065287,1.7273187350422485
ridge,"{""alpha"": 100.0, ""recency_factor"": 1.5}",1.7117083353901703,1.732208823657401,1.7373238435237974,1.6879174740336236,1.7172896191512481,0.01947964608596961,1.7373238435237974,0.017161069422380937,1.7275397091658138
ridge,"{""alpha"": 1.0, ""recency_factor"": 1.0}",1.712164860571173,1.7323281232246779,1.7364199515877325,1.6892050070971065,1.7175294856201724,0.01875436392510423,1.7364199515877325,0.018448602485863885,1.7277832334911318
ridge,"{""alpha"": 0.1, ""recency_factor"": 1.0}",1.7125231869973234,1.7325746653322769,1.736414057095373,1.6892760828155786,1.717696998060138,0.0187496001733442,1.736414057095373,0.018519678204335976,1.7279632937616758
ridge,"{""alpha"": 0.01, ""recency_factor"": 1.0}",1.7127323838250057,1.732653887088623,1.7364142675531475,1.6892781878873482,1.717769681588531,0.018750331605360358,1.7364142675531475,0.01852178327610554,1.7280366543056283
linear,"{""recency_factor"": 1.0}",1.7127694204200046,1.7326646664105931,1.7364143089323296,1.6892783322092386,1.7177816819930414,0.01874994484529307,1.7364143089323296,0.01852192759799598,1.7280485482084933
ridge,"{""alpha"": 10.0, ""recency_factor"": 1.15}",1.7118579715588473,1.7321776753415867,1.736503700059299,1.6904714356731931,1.7177526956582316,0.018294091419726096,1.736503700059299,0.019715031061950494,1.728098633867526
ridge,"{""alpha"": 0.0, ""recency_factor"": 1.0}",1.7128607421657098,1.7327148664203336,1.7363430392906412,1.6894495933921103,1.7178420603171989,0.018671049066507992,1.7363430392906412,0.018693188780867676,1.7281155652466502
ridge,"{""alpha"": 1.0, ""recency_factor"": 1.15}",1.7122077178904334,1.7322820781030999,1.7363741365565042,1.6918264072908884,1.7181725849602314,0.017748767522037846,1.7363741365565042,0.02107000267964576,1.7285986541288738
ridge,"{""alpha"": 10.0, ""recency_factor"": 1.3}",1.7118902834335556,1.7321567522886814,1.73649994475637,1.692486753831098,1.7182584335774262,0.01754030220872309,1.73649994475637,0.021730349219855283,1.7287436091944504
ridge,"{""alpha"": 0.1, ""recency_factor"": 1.15}",1.7125767262110514,1.7325251588785051,1.7363698662152738,1.691909826538881,1.7183453944609277,0.01773459955637207,1.7363698662152738,0.02115342192763836,1.7287831886911857
ridge,"{""alpha"": 0.0, ""recency_factor"": 1.15}",1.7126813439915334,1.7327252504171329,1.73620957975236,1.691880046469957,1.718374055157746,0.01773698254853886,1.73620957975236,0.021123641858714404,1.7288067274214776
ridge,"{""alpha"": 0.01, ""recency_factor"": 1.15}",1.7127923041184732,1.7326068532185885,1.736370698924961,1.691912587678481,1.7184206109851259,0.01773279633592181,1.736370698924961,0.021156183067238432,1.728858326316146
linear,"{""recency_factor"": 1.15}",1.712830487323031,1.7326180946821723,1.7363708204823578,1.6919127917935037,1.7184330485702661,0.01773197610534119,1.7363708204823578,0.021156387182261094,1.7288705176435877
ridge,"{""alpha"": 1.0, ""recency_factor"": 1.3}",1.7122473497564281,1.7322471973538105,1.7363498410669136,1.6939577639768757,1.718700538038507,0.016947406757836993,1.7363498410669136,0.023201359365633056,1.7292724022768766
ridge,"{""alpha"": 10.0, ""recency_factor"": 1.5}",1.7119290417074906,1.732136926705705,1.736520950317567,1.6945645357646493,1.718787863623853,0.01678148458498894,1.736520950317567,0.02380813115340663,1.7294230094592804
ridge,"{""alpha"": 0.1, ""recency_factor"": 1.3}",1.712626940364371,1.7324896222421116,1.736347663693289,1.694053146786082,1.7188793432714635,0.016924940812760775,1.736347663693289,0.023296742174839347,1.7294624209908978
ridge,"{""alpha"": 0.01, ""recency_factor"": 1.3}",1.7128499486505602,1.7325753336739962,1.7363493287122198,1.6940564719254267,1.7189577707405506,0.016921025990549052,1.7363493287122198,0.023300067314184103,1.7295401433000794
linear,"{""recency_factor"": 1.3}",1.712889568171625,1.7325872882900024,1.736349558677737,1.694056722255451,1.7189707843487037,0.016919830502561843,1.736349558677737,0.023300317644208368,1.7295527885534419
ridge,"{""alpha"": 0.0, ""recency_factor"": 1.3}",1.7127497336298256,1.7324390859705527,1.73626617831995,1.6945550065266175,1.7190025011117365,0.016698453941082575,1.73626617831995,0.023798601915374862,1.7296066803741903
ridge,"{""alpha"": 1.0, ""recency_factor"": 1.5}",1.7122957798640763,1.7322126255661061,1.7363393259648494,1.6961721808955355,1.7192549780726418,0.016132432679949342,1.7363393259648494,0.025415776284292813,1.7299844847674828
ridge,"{""alpha"": 0.1, ""recency_factor"": 1.5}",1.712689158680052,1.7324566143838067,1.736341066293503,1.696287883383823,1.7194436806852962,0.016098700258254592,1.736341066293503,0.02553147877258044,1.7301845215302014
ridge,"{""alpha"": 0.01, ""recency_factor"": 1.5}",1.7129231247227819,1.732549418554846,1.7363443403187846,1.6962926609616438,1.719527386139514,0.016092327356890753,1.7363443403187846,0.025536256350401132,1.730266951984506
linear,"{""recency_factor"": 1.5}",1.712964968614087,1.7325626331886745,1.7363447826092675,1.6962930517538135,1.7195413590414608,0.01609069083981593,1.7363447826092675,0.025536647142570867,1.7302804302639105
ridge,"{""alpha"": 0.0, ""recency_factor"": 1.5}",1.7131262280288513,1.7345525013667789,1.7363206837467589,1.69592289168174,1.7199805762060323,0.016621480010345864,1.7363206837467589,0.02516648707049729,1.7308313916237528
