fold,valid_cutoff,epoch,lr,train_loss,train_main_mse,train_rmsle_proxy,rmsle,direct_rmsle,hurdle_rmsle,gate_bce,gate_auc,true_nonzero_rate,pred_nonzero_rate,positive_rmse,hurdle_weight,user_scale
1,2025-11-15,1,0.0001995069705831446,5.211022776941374,4.482834439606372,2.117270516397556,1.7524038553237915,1.7775160074234009,1.7488436698913574,0.493511438369751,0.8466444318921054,0.5694354176521301,0.6252316832542419,1.2278728485107422,0.5974711775779724,0.0
1,2025-11-15,2,0.00019803328406604252,3.462776555702352,3.1297454199429837,1.7691086512543495,1.7385165691375732,1.7433686256408691,1.7375417947769165,0.476417601108551,0.8485731987677163,0.5694354176521301,0.5735949873924255,1.1341335773468018,0.5934547185897827,0.0
1,2025-11-15,3,0.00019559508646656385,3.405874185183776,3.084449300145243,1.7562600320411677,1.7355540990829468,1.7390832901000977,1.7364720106124878,0.47677430510520935,0.8491547914101838,0.5694354176521301,0.5758755207061768,1.1295859813690186,0.589428722858429,0.0
1,2025-11-15,4,0.00019221909118783407,3.3833135257218805,3.066484766603125,1.7511381346436166,1.736515998840332,1.7424989938735962,1.736211895942688,0.4762366712093353,0.8495301380389605,0.5694354176521301,0.5653148889541626,1.128544807434082,0.5858358144760132,0.0
1,2025-11-15,5,0.0001879422863405995,3.368113745430383,3.0543552790627433,1.7476713876077343,1.7338510751724243,1.7390906810760498,1.7341235876083374,0.47620272636413574,0.8499015366726101,0.5694354176521301,0.5774763822555542,1.1250017881393433,0.5824130177497864,0.0
1,2025-11-15,6,0.0001828115294937453,3.3622365353145094,3.0502070782032975,1.746484204968169,1.732445478439331,1.7367777824401855,1.7334262132644653,0.47631481289863586,0.8503048151936162,0.5694354176521301,0.578559398651123,1.1212341785430908,0.5795282125473022,0.0
1,2025-11-15,7,0.0001768830342929655,3.3531834033695147,3.0430605868994696,1.7444370401076301,1.7324739694595337,1.7349718809127808,1.73534095287323,0.4785154461860657,0.8502567416556099,0.5694354176521301,0.5825212001800537,1.119075059890747,0.5770628452301025,0.0
1,2025-11-15,8,0.00017022175457229725,3.345914927633882,3.0372026530766005,1.7427571985439052,1.7325730323791504,1.7380990982055664,1.7327349185943604,0.4754502475261688,0.8507215674525621,0.5694354176521301,0.5782636404037476,1.1209361553192139,0.5747247338294983,0.0
1,2025-11-15,9,0.0001629006727063226,3.3426842874738076,3.034852862693697,1.74208290924792,1.7320729494094849,1.7348344326019287,1.734197974205017,0.47767847776412964,0.8507827488726236,0.5694354176521301,0.5830463171005249,1.1187717914581299,0.5728897452354431,0.0
1,2025-11-15,10,0.000155,3.3391172647312075,3.0319089582632643,1.7412377661489151,1.7336876392364502,1.7398301362991333,1.733797550201416,0.47625234723091125,0.8507654325775441,0.5694354176521301,0.5703306794166565,1.1207059621810913,0.5711233019828796,0.0
1,2025-11-15,11,0.00014660629787682203,3.3358905258420246,3.029301788434535,1.7404889509659447,1.732326626777649,1.7362077236175537,1.7341371774673462,0.4776497781276703,0.8509096862195111,0.5694354176521301,0.5744364857673645,1.1176778078079224,0.5693378448486328,0.0
1,2025-11-15,12,0.0001378115294937453,3.332515207591687,3.026646962283138,1.7397261170319707,1.731682538986206,1.7368519306182861,1.7325876951217651,0.47662946581840515,0.8509106640098835,0.5694354176521301,0.5770925879478455,1.1182466745376587,0.567965030670166,0.0
1,2025-11-15,13,0.00012871205217359835,3.330520030371786,3.025150719567036,1.739296041381983,1.732344150543213,1.736950397491455,1.7335281372070312,0.4770236313343048,0.8510554643799257,0.5694354176521301,0.5761593580245972,1.1207095384597778,0.5666959285736084,0.0
1,2025-11-15,14,0.00011940756169408884,3.328192325991812,3.0233081475168344,1.7387662716756482,1.7323957681655884,1.7367022037506104,1.7344423532485962,0.4771973192691803,0.8511461662617779,0.5694354176521301,0.5721721649169922,1.1180710792541504,0.5654943585395813,0.0
1,2025-11-15,15,0.00011000000000000004,3.3255231540045003,3.0212132804497016,1.7381637668671217,1.7330533266067505,1.7371325492858887,1.73458731174469,0.4772804379463196,0.8511188573133521,0.5694354176521301,0.5686613321304321,1.1183946132659912,0.5645512938499451,0.0
1,2025-11-15,16,0.00010059243830591122,3.3239291465895016,3.019882536689902,1.7377809230998889,1.7311557531356812,1.7351043224334717,1.7331757545471191,0.4778655171394348,0.8510887543771883,0.5694354176521301,0.5801352262496948,1.1162306070327759,0.5633645057678223,0.0
1,2025-11-15,17,9.128794782640167e-05,3.319773641137869,3.0163316407161265,1.7367589472106157,1.733376145362854,1.739802598953247,1.7328016757965088,0.4758727550506592,0.8511959980283434,0.5694354176521301,0.5728028416633606,1.1222795248031616,0.5623515248298645,0.0
1,2025-11-15,18,8.218847050625476e-05,3.3201981122798205,3.0168663461800094,1.7369128781202612,1.732165813446045,1.7380679845809937,1.73222815990448,0.47581747174263,0.8514217037558197,0.5694354176521301,0.5751352310180664,1.1211713552474976,0.5616521239280701,0.0
1,2025-11-15,19,7.339370212317802e-05,3.319533582763047,3.016317428272111,1.736754855548736,1.7317537069320679,1.7359845638275146,1.7331020832061768,0.4769495725631714,0.8514253421988793,0.5694354176521301,0.569242537021637,1.117266058921814,0.5608379244804382,0.0
1,2025-11-15,20,6.500000000000003e-05,3.316626891545605,3.0139543284701027,1.7360744017668432,1.7319936752319336,1.7375556230545044,1.7323133945465088,0.47658854722976685,0.8512935192980673,0.5694354176521301,0.5773242712020874,1.1209276914596558,0.5602330565452576,0.0
1,2025-11-15,21,5.709932729367745e-05,3.316200378058683,3.0135682656038045,1.7359632097495052,1.730644702911377,1.734433650970459,1.7325994968414307,0.4778507649898529,0.8514522653455296,0.5694354176521301,0.581209659576416,1.1158952713012695,0.5596413016319275,0.0
1,2025-11-15,22,4.977824542770281e-05,3.315076943134314,3.012691201062221,1.7357105752579318,1.731439471244812,1.7355154752731323,1.7330412864685059,0.4773435890674591,0.8514925257349876,0.5694354176521301,0.5723463892936707,1.1170921325683594,0.55919349193573,0.0
1,2025-11-15,23,4.3116965707034554e-05,3.3138528789875874,3.0116630183751685,1.7354143650365375,1.7313817739486694,1.736369252204895,1.732261061668396,0.4770873785018921,0.8514808558938814,0.5694354176521301,0.5744202733039856,1.1183325052261353,0.5587801933288574,0.0
1,2025-11-15,24,3.718847050625475e-05,3.3138686370021486,3.011777445890279,1.7354473330787883,1.7311807870864868,1.7354036569595337,1.7328362464904785,0.4775727391242981,0.851453300696956,0.5694354176521301,0.5751398801803589,1.1169140338897705,0.5584802031517029,0.0
1,2025-11-15,25,3.2057713659400525e-05,3.3132842452913014,3.0113325951889336,1.7353191623413065,1.730516791343689,1.7343037128448486,1.732517123222351,0.47811970114707947,0.8515036967589313,0.5694354176521301,0.5813029408454895,1.1159265041351318,0.5581478476524353,0.0
1,2025-11-15,26,2.778090881216592e-05,3.3115308903506255,3.0097186324977385,1.734854066628585,1.7308001518249512,1.7337121963500977,1.7336384057998657,0.4788893461227417,0.8514944709180448,0.5694354176521301,0.58123779296875,1.1157152652740479,0.5578964352607727,0.0
1,2025-11-15,27,2.4404913533436186e-05,3.3113082149509414,3.0095879686574087,1.7348164077669455,1.730843424797058,1.7351876497268677,1.7323731184005737,0.4776061177253723,0.8515603442775763,0.5694354176521301,0.5771679878234863,1.116860270500183,0.5576779246330261,0.0
1,2025-11-15,28,2.196671593395749e-05,3.311415699353919,3.0097848986105578,1.7348731649923455,1.7316155433654785,1.7360992431640625,1.7328407764434814,0.4772155284881592,0.8515364174997961,0.5694354176521301,0.5729169249534607,1.1179859638214111,0.5574153661727905,0.0
1,2025-11-15,29,2.0493029416855394e-05,3.31055336035549,3.0090410125568074,1.7346587596864138,1.7314672470092773,1.7364320755004883,1.7324271202087402,0.4768672585487366,0.8515362741068517,0.5694354176521301,0.5737484693527222,1.1175668239593506,0.5572111010551453,0.0
1,2025-11-15,30,2e-05,3.3104803886204976,3.0089742522236005,1.734639516505836,1.7306647300720215,1.7341934442520142,1.7327938079833984,0.4783485531806946,0.8515010717166247,0.5694354176521301,0.5772768259048462,1.115840196609497,0.5570447444915771,0.0
2,2025-12-15,1,0.0001995069705831446,5.03594865908678,4.354014721938293,2.0866275954128213,1.7510581016540527,1.75442373752594,1.7578359842300415,0.49346256256103516,0.8468844270156389,0.5630800127983093,0.623974084854126,1.1918970346450806,0.5968773365020752,0.0
2,2025-12-15,2,0.00019803328406604252,3.4468802333441464,3.1189135808746413,1.7660446146331188,1.743762493133545,1.7424529790878296,1.7469779253005981,0.48214465379714966,0.8480730135456257,0.5630800127983093,0.5877823233604431,1.1460647583007812,0.5922777056694031,0.0
2,2025-12-15,3,0.00019559508646656385,3.3973348109143027,3.0785026866947143,1.7545662389020011,1.7508498430252075,1.7439143657684326,1.759935736656189,0.4887463450431824,0.8487681261581983,0.5630800127983093,0.6055464148521423,1.144494652748108,0.5878112316131592,0.0
2,2025-12-15,4,0.00019221909118783407,3.376944278165475,3.0621023341202935,1.7498863774886337,1.7441819906234741,1.7402875423431396,1.7516508102416992,0.4863288998603821,0.8492051065369264,0.5630800127983093,0.5997052788734436,1.136258840560913,0.5835304856300354,0.0
2,2025-12-15,5,0.0001879422863405995,3.364509680334221,3.0526499696799103,1.7471834390469452,1.7423924207687378,1.739497423171997,1.7487519979476929,0.48508408665657043,0.8495196331959318,0.5630800127983093,0.5938019156455994,1.1338142156600952,0.5797218680381775,0.0
2,2025-12-15,6,0.0001828115294937453,3.355158197974974,3.0452806624647186,1.7450732541829637,1.7490745782852173,1.7433663606643677,1.7588557004928589,0.49113762378692627,0.8499288501138221,0.5630800127983093,0.613814115524292,1.1323426961898804,0.5763858556747437,0.0
2,2025-12-15,7,0.0001768830342929655,3.348435953648378,3.039871967766851,1.7435228612687734,1.7417761087417603,1.7394942045211792,1.7484627962112427,0.4865345358848572,0.8500308227454692,0.5630800127983093,0.6007024645805359,1.1298625469207764,0.5737597346305847,0.0
2,2025-12-15,8,0.00017022175457229725,3.3434484501643063,3.036016144599462,1.7424167539941362,1.7433747053146362,1.740342617034912,1.7506022453308105,0.48885390162467957,0.8500163293759917,0.5630800127983093,0.6075649261474609,1.1280497312545776,0.5716052055358887,0.0
2,2025-12-15,9,0.0001629006727063226,3.339599919631868,3.0330908566893213,1.7415771176405945,1.7449241876602173,1.741549015045166,1.752629041671753,0.4898543357849121,0.8501280246607458,0.5630800127983093,0.6063252687454224,1.1298582553863525,0.5692364573478699,0.0
2,2025-12-15,10,0.000155,3.3356681094749074,3.029815593771737,1.7406365484419017,1.743026852607727,1.7407552003860474,1.7499420642852783,0.48818883299827576,0.850209838941107,0.5630800127983093,0.6017081141471863,1.1292073726654053,0.5673093199729919,0.0
2,2025-12-15,11,0.00014660629787682203,3.3331628959293647,3.0280026700066087,1.7401157059249275,1.7409645318984985,1.7400305271148682,1.7463953495025635,0.48755061626434326,0.8503922210294564,0.5630800127983093,0.5985477566719055,1.1290664672851562,0.5657399296760559,0.0
2,2025-12-15,12,0.0001378115294937453,3.32871485808912,3.0243885657409857,1.7390769292187698,1.7390938997268677,1.7380235195159912,1.744931697845459,0.4858801066875458,0.8503800950034355,0.5630800127983093,0.5903667211532593,1.1272082328796387,0.5641213655471802,0.0
2,2025-12-15,13,0.00012871205217359835,3.3265395588770614,3.022608474836078,1.7385650620083444,1.7404438257217407,1.739689588546753,1.746205449104309,0.4879245460033417,0.8504883748387153,0.5630800127983093,0.6021642684936523,1.127786636352539,0.5627289414405823,0.0
2,2025-12-15,14,0.00011940756169408884,3.3235106397271243,3.0201723192992773,1.7378642982981374,1.744120478630066,1.7400622367858887,1.7528603076934814,0.4911397099494934,0.8504828171973751,0.5630800127983093,0.6021321415901184,1.1299216747283936,0.5614919662475586,0.0
2,2025-12-15,15,0.00011000000000000004,3.3223395836375693,3.01926113729065,1.7376021228378635,1.7432571649551392,1.7401906251907349,1.750529170036316,0.4906333088874817,0.8504595814166589,0.5630800127983093,0.6019058227539062,1.127191185951233,0.5603466629981995,0.0
2,2025-12-15,16,0.00010059243830591122,3.319640136139482,3.017087244597336,1.7369764663337657,1.7469408512115479,1.7423251867294312,1.7556772232055664,0.49261653423309326,0.8504921533792726,0.5630800127983093,0.6048977375030518,1.1275885105133057,0.5595227479934692,0.0
2,2025-12-15,17,9.128794782640167e-05,3.3184644442151368,3.0161919596229643,1.7367187335959051,1.742067575454712,1.7401381731033325,1.748913049697876,0.48886606097221375,0.8505533740282802,0.5630800127983093,0.5991694331169128,1.1288098096847534,0.5587797164916992,0.0
2,2025-12-15,18,8.218847050625476e-05,3.317961929357767,3.0158914285399097,1.7366322087707315,1.7461990118026733,1.7421408891677856,1.7549163103103638,0.49432432651519775,0.8505614924925634,0.5630800127983093,0.6118721961975098,1.1259304285049438,0.5579414367675781,0.0
2,2025-12-15,19,7.339370212317802e-05,3.3162858650374907,3.0144435893845727,1.7362153061716086,1.7418509721755981,1.7400739192962646,1.7484357357025146,0.4908643960952759,0.8505831763726935,0.5630800127983093,0.60459965467453,1.126017689704895,0.5572238564491272,0.0
2,2025-12-15,20,6.500000000000003e-05,3.314713477932731,3.0130882933991954,1.7358249604724536,1.7461990118026733,1.7421129941940308,1.7550458908081055,0.4935287833213806,0.8504889124190294,0.5630800127983093,0.6056565046310425,1.129445195198059,0.5565232634544373,0.0
3,2026-01-14,1,0.0001995069705831446,4.89015457314078,4.245382322672841,2.0604325571764877,1.6885274648666382,1.6850790977478027,1.6950464248657227,0.48760986328125,0.8515457102206562,0.54066002368927,0.5934291481971741,1.1553857326507568,0.5963488221168518,0.0
3,2026-01-14,2,0.00019803328406604252,3.442963805937139,3.11695355061981,1.7654896064887524,1.6817846298217773,1.67701256275177,1.688018798828125,0.4807427227497101,0.8526262811580243,0.54066002368927,0.5783993005752563,1.1279464960098267,0.5911574959754944,0.0
3,2026-01-14,3,0.00019559508646656385,3.3967864644671635,3.078509677868947,1.7545682311808073,1.677875280380249,1.6727062463760376,1.6858857870101929,0.4791848659515381,0.8532895018140209,0.54066002368927,0.5675164461135864,1.1225165128707886,0.5862743854522705,0.0
3,2026-01-14,4,0.00019221909118783407,3.3773603837667294,3.063130194242573,1.7501800462359787,1.6803431510925293,1.67703115940094,1.6872142553329468,0.4799887537956238,0.8541968194855211,0.54066002368927,0.5808718800544739,1.1195698976516724,0.5815721154212952,0.0
3,2026-01-14,5,0.0001879422863405995,3.3661187346075847,3.0544824658824865,1.747707774738811,1.68141770362854,1.675237774848938,1.6911040544509888,0.4807247519493103,0.8545737461276947,0.54066002368927,0.5793460607528687,1.1190227270126343,0.5773927569389343,0.0
3,2026-01-14,6,0.0001828115294937453,3.355356925012868,3.0458913577199,1.7452482223798138,1.6773821115493774,1.6739165782928467,1.6843799352645874,0.4797022044658661,0.8546074428179664,0.54066002368927,0.5739971995353699,1.1143341064453125,0.5740079879760742,0.0
3,2026-01-14,7,0.0001768830342929655,3.349339559340777,3.0412715190929047,1.743924172403406,1.6776461601257324,1.6743170022964478,1.685319185256958,0.47964760661125183,0.8545151034792382,0.54066002368927,0.5715833902359009,1.114212989807129,0.5708885788917542,0.0
3,2026-01-14,8,0.00017022175457229725,3.34353300248919,3.036774979938935,1.7426344940746856,1.6837186813354492,1.6780019998550415,1.6936700344085693,0.4827461838722229,0.8547871833034439,0.54066002368927,0.581527590751648,1.1186559200286865,0.5684632062911987,0.0
3,2026-01-14,9,0.0001629006727063226,3.3396998946896446,3.0337001563413315,1.7417520364108467,1.6785112619400024,1.6749309301376343,1.6865308284759521,0.4807628095149994,0.8548018925427965,0.54066002368927,0.5747354626655579,1.1132359504699707,0.566061794757843,0.0
3,2026-01-14,10,0.000155,3.3354846268410725,3.030437126659984,1.7408150753770442,1.675485610961914,1.6760120391845703,1.6803430318832397,0.47920042276382446,0.8547777395403828,0.54066002368927,0.5759273171424866,1.1078835725784302,0.564078688621521,0.0
3,2026-01-14,11,0.00014660629787682203,3.331854274251968,3.0273847462475225,1.7399381443739668,1.6720471382141113,1.6730530261993408,1.6762818098068237,0.47712990641593933,0.854837063719764,0.54066002368927,0.5617051124572754,1.107272982597351,0.5624456405639648,0.0
3,2026-01-14,12,0.0001378115294937453,3.330550657519755,3.0264222674059176,1.7396615381751468,1.678689956665039,1.676825761795044,1.6856796741485596,0.48133984208106995,0.8551307252062592,0.54066002368927,0.5790507793426514,1.1111507415771484,0.5611218810081482,0.0
3,2026-01-14,13,0.00012871205217359835,3.326683109848223,3.023279088671154,1.7387579154877064,1.6772887706756592,1.6753989458084106,1.6841713190078735,0.48006436228752136,0.8551718953178358,0.54066002368927,0.5745031833648682,1.1099047660827637,0.5596286058425903,0.0
3,2026-01-14,14,0.00011940756169408884,3.3240492984093866,3.0212530517813665,1.738175207446409,1.6726744174957275,1.6750611066818237,1.675964593887329,0.4765290319919586,0.855317108822377,0.54066002368927,0.5660627484321594,1.1084301471710205,0.5583273768424988,0.0
3,2026-01-14,15,0.00011000000000000004,3.32340271403099,3.020849807695997,1.7380592071894434,1.678282618522644,1.6764262914657593,1.685784935951233,0.4813336431980133,0.8552265404912196,0.54066002368927,0.576204776763916,1.1108040809631348,0.5569770336151123,0.0
3,2026-01-14,16,0.00010059243830591122,3.320982213202504,3.0188304674496202,1.7374781919349722,1.6827274560928345,1.6796468496322632,1.6910812854766846,0.4829753637313843,0.8553134040670431,0.54066002368927,0.579681932926178,1.1138145923614502,0.5558224320411682,0.0
3,2026-01-14,17,9.128794782640167e-05,3.318702087176899,3.0169555054745945,1.736938543954447,1.6783645153045654,1.6772816181182861,1.6853992938995361,0.47976207733154297,0.8552228364445725,0.54066002368927,0.5737212896347046,1.1119301319122314,0.5549992322921753,0.0
3,2026-01-14,18,8.218847050625476e-05,3.318074265008495,3.0164030212599906,1.7367794970173935,1.6765706539154053,1.675378680229187,1.6827878952026367,0.48089200258255005,0.8553565165272594,0.54066002368927,0.5752025246620178,1.1085710525512695,0.5544137954711914,0.0
3,2026-01-14,19,7.339370212317802e-05,3.317025225206374,3.015618980136463,1.736553765403324,1.6823375225067139,1.6793407201766968,1.6911382675170898,0.48009780049324036,0.8553793020546395,0.54066002368927,0.5758131146430969,1.1185863018035889,0.5538377165794373,0.0
